{"cameraMode":{"drawMode":0,"name":"Shaded","section":"Shading Mode"},"sceneLighting":false,"audioPlay":false,"sceneViewState":{"showFog":true,"showMaterialUpdate":false,"showSkybox":false,"showFlares":true,"showImageEffects":true,"showParticleSystems":true},"in2DMode":false,"pivot":{"x":-5.331429481506348,"y":0.23761868476867677,"z":0.0},"rotation":{"x":-0.0008754862355999649,"y":0.9903082847595215,"z":-0.006248579826205969,"w":-0.1387471854686737},"size":3.0915894508361818,"orthographic":false}