{"cameraMode":{"drawMode":0,"name":"Shaded","section":"Shading Mode"},"sceneLighting":false,"audioPlay":false,"sceneViewState":{"showFog":true,"showMaterialUpdate":false,"showSkybox":false,"showFlares":true,"showImageEffects":true,"showParticleSystems":true},"in2DMode":false,"pivot":{"x":2.1624999046325685,"y":6.4735002517700199,"z":-0.5},"rotation":{"x":-0.002103943843394518,"y":0.9937955737113953,"z":-0.10956883430480957,"w":-0.01908213086426258},"size":26.62274169921875,"orthographic":false}