{"cameraMode":{"drawMode":0,"name":"Shaded","section":"Shading Mode"},"sceneLighting":false,"audioPlay":false,"sceneViewState":{"showFog":true,"showMaterialUpdate":false,"showSkybox":true,"showFlares":true,"showImageEffects":true,"showParticleSystems":true},"in2DMode":false,"pivot":{"x":12.702682495117188,"y":15.689016342163086,"z":-4.675846099853516},"rotation":{"x":-0.049685366451740268,"y":-0.3371654450893402,"z":0.017823142930865289,"w":-0.939969003200531},"size":60.44498062133789,"orthographic":false}